<?xml version="1.0" encoding="UTF-8"?>
<project-private xmlns="http://www.netbeans.org/ns/project-private/1">
    <editor-bookmarks xmlns="http://www.netbeans.org/ns/editor-bookmarks/2" lastBookmarkId="0"/>
    <open-files xmlns="http://www.netbeans.org/ns/projectui-open-files/2">
        <group>
            <file>file:/C:/Users/willh/OneDrive/Documents/NetBeansProjects/Set/Set/src/set/SetException.java</file>
            <file>file:/C:/Users/willh/OneDrive/Documents/NetBeansProjects/Set/Set/src/set/IntSet.java</file>
            <file>file:/C:/Users/willh/OneDrive/Documents/NetBeansProjects/Set/Set/src/set/LinkedList.java</file>
            <file>file:/C:/Users/willh/OneDrive/Documents/NetBeansProjects/Set/Set/src/set/LinkedListIterator.java</file>
            <file>file:/C:/Users/willh/OneDrive/Documents/NetBeansProjects/Set/Set/src/set/Node.java</file>
            <file>file:/C:/Users/willh/OneDrive/Documents/NetBeansProjects/Set/Set/src/set/IntSetTest.java</file>
        </group>
    </open-files>
</project-private>
