<?xml version="1.0" encoding="UTF-8"?>
<project-private xmlns="http://www.netbeans.org/ns/project-private/1">
    <editor-bookmarks xmlns="http://www.netbeans.org/ns/editor-bookmarks/2" lastBookmarkId="0"/>
    <open-files xmlns="http://www.netbeans.org/ns/projectui-open-files/2">
        <group>
            <file>file:/C:/Users/willh/OneDrive/Documents/NetBeansProjects/CSC330/Assignment3/src/assignment3/RandomArray.java</file>
            <file>file:/C:/Users/willh/OneDrive/Documents/NetBeansProjects/CSC330/Assignment3/src/assignment3/SpecificQuickSort.java</file>
            <file>file:/C:/Users/willh/OneDrive/Documents/NetBeansProjects/CSC330/Assignment3/src/assignment3/IsSorted.java</file>
            <file>file:/C:/Users/willh/OneDrive/Documents/NetBeansProjects/CSC330/Assignment3/src/assignment3/MedianQuickSort.java</file>
            <file>file:/C:/Users/willh/OneDrive/Documents/NetBeansProjects/CSC330/Assignment3/src/assignment3/Assignment3.java</file>
            <file>file:/C:/Users/willh/OneDrive/Documents/NetBeansProjects/CSC330/Assignment3/src/assignment3/SmartQuickSort.java</file>
            <file>file:/C:/Users/willh/OneDrive/Documents/NetBeansProjects/CSC330/Assignment3/src/assignment3/MergeSort.java</file>
            <file>file:/C:/Users/willh/OneDrive/Documents/NetBeansProjects/CSC330/Assignment3/src/assignment3/RandomQuickSort.java</file>
        </group>
    </open-files>
</project-private>
