{
    "frozen": {
        "release-year": 2013,
        "featured-song": "Let it go",
        "rotten-tomatoes": 90
    },
    "mulan": {
        "release-year": 1998,
        "featured-song": "I'll make a man out of you",
        "rotten-tomatoes": 86
    },
    "little-mermaid": {
        "release-year": 1989,
        "featured-song": "Under the sea",
        "rotten-tomatoes": 93
    },
    "encanto": {
        "release-year": 2021,
        "featured-song": "We dont talk about Bruno",
        "rotten-tomatoes": 92
    }
}