<?xml version="1.0" encoding="UTF-8"?>
<project-private xmlns="http://www.netbeans.org/ns/project-private/1">
    <editor-bookmarks xmlns="http://www.netbeans.org/ns/editor-bookmarks/2" lastBookmarkId="0"/>
    <open-files xmlns="http://www.netbeans.org/ns/projectui-open-files/2">
        <group>
            <file>file:/C:/Users/willh/OneDrive/Documents/NetBeansProjects/Assignment0/src/assignment0/Manager.java</file>
            <file>file:/C:/Users/willh/OneDrive/Documents/NetBeansProjects/Assignment0/src/assignment0/Hourly.java</file>
            <file>file:/C:/Users/willh/OneDrive/Documents/NetBeansProjects/Assignment0/src/assignment0/Permanent.java</file>
            <file>file:/C:/Users/willh/OneDrive/Documents/NetBeansProjects/Assignment0/src/assignment0/Assignment0.java</file>
            <file>file:/C:/Users/willh/OneDrive/Documents/NetBeansProjects/Assignment0/src/assignment0/Employee.java</file>
        </group>
    </open-files>
</project-private>
